user_id,username,password,role,location,email
1,dhoni,098765,admin,Delhi,dhoni@example.com
2,user_2,pass_2,buyer,Ahmedabad,user_2@example.com
3,user_3,pass_3,buyer,Bangalore,user_3@example.com
4,user_4,pass_4,buyer,Pune,user_4@example.com
5,user_5,pass_5,buyer,Kolkata,user_5@example.com
6,user_6,pass_6,buyer,Delhi,user_6@example.com
7,user_7,pass_7,buyer,Pune,user_7@example.com
8,user_8,pass_8,buyer,Pune,user_8@example.com
9,user_9,pass_9,buyer,Pune,user_9@example.com
10,user_10,pass_10,buyer,Surat,user_10@example.com
11,user_11,pass_11,buyer,Mumbai,user_11@example.com
12,user_12,pass_12,buyer,Bangalore,user_12@example.com
13,user_13,pass_13,buyer,Chennai,user_13@example.com
14,user_14,pass_14,buyer,Hyderabad,user_14@example.com
15,user_15,pass_15,admin,Chennai,user_15@example.com
16,user_16,pass_16,buyer,Kolkata,user_16@example.com
17,user_17,pass_17,buyer,Chennai,user_17@example.com
18,user_18,pass_18,buyer,Mumbai,user_18@example.com
19,user_19,pass_19,buyer,Pune,user_19@example.com
20,user_20,pass_20,buyer,Kolkata,user_20@example.com
21,user_21,pass_21,buyer,Ahmedabad,user_21@example.com
22,user_22,pass_22,buyer,Jaipur,user_22@example.com
23,user_23,pass_23,seller,Chennai,user_23@example.com
24,user_24,pass_24,buyer,Delhi,user_24@example.com
25,user_25,pass_25,buyer,Hyderabad,user_25@example.com
26,user_26,pass_26,buyer,Delhi,user_26@example.com
27,user_27,pass_27,seller,Delhi,user_27@example.com
28,user_28,pass_28,buyer,Surat,user_28@example.com
29,user_29,pass_29,buyer,Chennai,user_29@example.com
30,user_30,pass_30,buyer,Chennai,user_30@example.com
31,user_31,pass_31,buyer,Ahmedabad,user_31@example.com
32,user_32,pass_32,buyer,Delhi,user_32@example.com
33,user_33,pass_33,buyer,Bangalore,user_33@example.com
34,user_34,pass_34,buyer,Hyderabad,user_34@example.com
35,user_35,pass_35,buyer,Kolkata,user_35@example.com
36,user_36,pass_36,buyer,Pune,user_36@example.com
37,user_37,pass_37,buyer,Chennai,user_37@example.com
38,user_38,pass_38,buyer,Mumbai,user_38@example.com
39,user_39,pass_39,buyer,Mumbai,user_39@example.com
40,user_40,pass_40,buyer,Kolkata,user_40@example.com
41,user_41,pass_41,buyer,Hyderabad,user_41@example.com
42,user_42,pass_42,seller,Jaipur,user_42@example.com
43,user_43,pass_43,seller,Chennai,user_43@example.com
44,user_44,pass_44,buyer,Surat,user_44@example.com
45,user_45,pass_45,buyer,Surat,user_45@example.com
46,user_46,pass_46,buyer,Bangalore,user_46@example.com
47,user_47,pass_47,buyer,Pune,user_47@example.com
48,user_48,pass_48,buyer,Jaipur,user_48@example.com
49,user_49,pass_49,buyer,Jaipur,user_49@example.com
50,user_50,pass_50,buyer,Hyderabad,user_50@example.com
51,user_51,pass_51,admin,Bangalore,user_51@example.com
52,user_52,pass_52,buyer,Delhi,user_52@example.com
53,user_53,pass_53,buyer,Delhi,user_53@example.com
54,user_54,pass_54,buyer,Bangalore,user_54@example.com
55,user_55,pass_55,buyer,Kolkata,user_55@example.com
56,user_56,pass_56,buyer,Kolkata,user_56@example.com
57,user_57,pass_57,buyer,Surat,user_57@example.com
58,user_58,pass_58,buyer,Pune,user_58@example.com
59,user_59,pass_59,seller,Mumbai,user_59@example.com
60,user_60,pass_60,buyer,Delhi,user_60@example.com
61,user_61,pass_61,buyer,Pune,user_61@example.com
62,user_62,pass_62,buyer,Chennai,user_62@example.com
63,user_63,pass_63,buyer,Kolkata,user_63@example.com
64,user_64,pass_64,buyer,Mumbai,user_64@example.com
65,user_65,pass_65,admin,Ahmedabad,user_65@example.com
66,user_66,pass_66,admin,Bangalore,user_66@example.com
67,user_67,pass_67,buyer,Delhi,user_67@example.com
68,user_68,pass_68,seller,Ahmedabad,user_68@example.com
69,user_69,pass_69,buyer,Pune,user_69@example.com
70,user_70,pass_70,buyer,Bangalore,user_70@example.com
71,user_71,pass_71,buyer,Bangalore,user_71@example.com
72,user_72,pass_72,buyer,Pune,user_72@example.com
73,user_73,pass_73,seller,Jaipur,user_73@example.com
74,user_74,pass_74,buyer,Mumbai,user_74@example.com
75,user_75,pass_75,buyer,Chennai,user_75@example.com
76,user_76,pass_76,seller,Ahmedabad,user_76@example.com
77,user_77,pass_77,buyer,Hyderabad,user_77@example.com
78,user_78,pass_78,seller,Delhi,user_78@example.com
79,user_79,pass_79,buyer,Surat,user_79@example.com
80,user_80,pass_80,buyer,Pune,user_80@example.com
81,user_81,pass_81,buyer,Bangalore,user_81@example.com
82,user_82,pass_82,buyer,Pune,user_82@example.com
83,user_83,pass_83,buyer,Pune,user_83@example.com
84,user_84,pass_84,seller,Kolkata,user_84@example.com
85,user_85,pass_85,admin,Pune,user_85@example.com
86,user_86,pass_86,buyer,Hyderabad,user_86@example.com
87,user_87,pass_87,buyer,Kolkata,user_87@example.com
88,user_88,pass_88,admin,Chennai,user_88@example.com
89,user_89,pass_89,buyer,Pune,user_89@example.com
90,user_90,pass_90,buyer,Hyderabad,user_90@example.com
91,user_91,pass_91,buyer,Chennai,user_91@example.com
92,user_92,pass_92,buyer,Pune,user_92@example.com
93,user_93,pass_93,buyer,Hyderabad,user_93@example.com
94,user_94,pass_94,buyer,Mumbai,user_94@example.com
95,user_95,pass_95,buyer,Mumbai,user_95@example.com
96,user_96,pass_96,seller,Delhi,user_96@example.com
97,user_97,pass_97,buyer,Ahmedabad,user_97@example.com
98,user_98,pass_98,buyer,Hyderabad,user_98@example.com
99,user_99,pass_99,buyer,Jaipur,user_99@example.com
100,user_100,pass_100,buyer,Hyderabad,user_100@example.com
101,user_101,pass_101,buyer,Kolkata,user_101@example.com
102,user_102,pass_102,buyer,Delhi,user_102@example.com
103,user_103,pass_103,buyer,Chennai,user_103@example.com
104,user_104,pass_104,buyer,Surat,user_104@example.com
105,user_105,pass_105,seller,Mumbai,user_105@example.com
106,user_106,pass_106,buyer,Delhi,user_106@example.com
107,user_107,pass_107,buyer,Chennai,user_107@example.com
108,user_108,pass_108,buyer,Delhi,user_108@example.com
109,user_109,pass_109,buyer,Hyderabad,user_109@example.com
110,user_110,pass_110,buyer,Bangalore,user_110@example.com
111,user_111,pass_111,buyer,Ahmedabad,user_111@example.com
112,user_112,pass_112,buyer,Delhi,user_112@example.com
113,user_113,pass_113,buyer,Pune,user_113@example.com
114,user_114,pass_114,buyer,Pune,user_114@example.com
115,user_115,pass_115,buyer,Delhi,user_115@example.com
116,user_116,pass_116,seller,Hyderabad,user_116@example.com
117,user_117,pass_117,buyer,Surat,user_117@example.com
118,user_118,pass_118,buyer,Kolkata,user_118@example.com
119,user_119,pass_119,seller,Bangalore,user_119@example.com
120,user_120,pass_120,buyer,Kolkata,user_120@example.com
121,user_121,pass_121,buyer,Surat,user_121@example.com
122,user_122,pass_122,buyer,Pune,user_122@example.com
123,user_123,pass_123,buyer,Surat,user_123@example.com
124,user_124,pass_124,buyer,Ahmedabad,user_124@example.com
125,user_125,pass_125,buyer,Mumbai,user_125@example.com
126,user_126,pass_126,buyer,Pune,user_126@example.com
127,user_127,pass_127,buyer,Chennai,user_127@example.com
128,user_128,pass_128,buyer,Jaipur,user_128@example.com
129,user_129,pass_129,buyer,Pune,user_129@example.com
130,user_130,pass_130,buyer,Pune,user_130@example.com
131,user_131,pass_131,buyer,Bangalore,user_131@example.com
132,user_132,pass_132,buyer,Delhi,user_132@example.com
133,user_133,pass_133,buyer,Hyderabad,user_133@example.com
134,user_134,pass_134,buyer,Jaipur,user_134@example.com
135,user_135,pass_135,buyer,Jaipur,user_135@example.com
136,user_136,pass_136,buyer,Delhi,user_136@example.com
137,user_137,pass_137,buyer,Jaipur,user_137@example.com
138,user_138,pass_138,buyer,Chennai,user_138@example.com
139,user_139,pass_139,seller,Hyderabad,user_139@example.com
140,user_140,pass_140,buyer,Chennai,user_140@example.com
141,user_141,pass_141,buyer,Kolkata,user_141@example.com
142,user_142,pass_142,buyer,Ahmedabad,user_142@example.com
143,user_143,pass_143,buyer,Delhi,user_143@example.com
144,user_144,pass_144,buyer,Jaipur,user_144@example.com
145,user_145,pass_145,admin,Delhi,user_145@example.com
146,user_146,pass_146,buyer,Hyderabad,user_146@example.com
147,user_147,pass_147,buyer,Bangalore,user_147@example.com
148,user_148,pass_148,seller,Delhi,user_148@example.com
149,user_149,pass_149,seller,Chennai,user_149@example.com
150,user_150,pass_150,buyer,Surat,user_150@example.com
151,user_151,pass_151,buyer,Ahmedabad,user_151@example.com
152,user_152,pass_152,buyer,Pune,user_152@example.com
153,user_153,pass_153,buyer,Pune,user_153@example.com
154,user_154,pass_154,buyer,Delhi,user_154@example.com
155,user_155,pass_155,seller,Bangalore,user_155@example.com
156,user_156,pass_156,buyer,Delhi,user_156@example.com
157,user_157,pass_157,buyer,Bangalore,user_157@example.com
158,user_158,pass_158,buyer,Jaipur,user_158@example.com
159,user_159,pass_159,buyer,Chennai,user_159@example.com
160,user_160,pass_160,buyer,Ahmedabad,user_160@example.com
161,user_161,pass_161,buyer,Ahmedabad,user_161@example.com
162,user_162,pass_162,seller,Mumbai,user_162@example.com
163,user_163,pass_163,buyer,Kolkata,user_163@example.com
164,user_164,pass_164,buyer,Mumbai,user_164@example.com
165,user_165,pass_165,buyer,Bangalore,user_165@example.com
166,user_166,pass_166,buyer,Ahmedabad,user_166@example.com
167,user_167,pass_167,buyer,Surat,user_167@example.com
168,user_168,pass_168,buyer,Kolkata,user_168@example.com
169,user_169,pass_169,buyer,Delhi,user_169@example.com
170,user_170,pass_170,buyer,Bangalore,user_170@example.com
171,user_171,pass_171,buyer,Chennai,user_171@example.com
172,user_172,pass_172,buyer,Bangalore,user_172@example.com
173,user_173,pass_173,buyer,Mumbai,user_173@example.com
174,user_174,pass_174,buyer,Mumbai,user_174@example.com
175,user_175,pass_175,seller,Hyderabad,user_175@example.com
176,user_176,pass_176,buyer,Delhi,user_176@example.com
177,user_177,pass_177,buyer,Pune,user_177@example.com
178,user_178,pass_178,seller,Kolkata,user_178@example.com
179,user_179,pass_179,admin,Bangalore,user_179@example.com
180,user_180,pass_180,seller,Hyderabad,user_180@example.com
181,user_181,pass_181,seller,Bangalore,user_181@example.com
182,user_182,pass_182,seller,Mumbai,user_182@example.com
183,user_183,pass_183,buyer,Chennai,user_183@example.com
184,user_184,pass_184,buyer,Kolkata,user_184@example.com
185,user_185,pass_185,buyer,Hyderabad,user_185@example.com
186,user_186,pass_186,buyer,Delhi,user_186@example.com
187,user_187,pass_187,buyer,Mumbai,user_187@example.com
188,user_188,pass_188,seller,Hyderabad,user_188@example.com
189,user_189,pass_189,buyer,Surat,user_189@example.com
190,user_190,pass_190,buyer,Hyderabad,user_190@example.com
191,user_191,pass_191,buyer,Hyderabad,user_191@example.com
192,user_192,pass_192,buyer,Ahmedabad,user_192@example.com
193,user_193,pass_193,seller,Ahmedabad,user_193@example.com
194,user_194,pass_194,buyer,Pune,user_194@example.com
195,user_195,pass_195,buyer,Pune,user_195@example.com
196,user_196,pass_196,buyer,Mumbai,user_196@example.com
197,user_197,pass_197,buyer,Ahmedabad,user_197@example.com
198,user_198,pass_198,buyer,Ahmedabad,user_198@example.com
199,user_199,pass_199,buyer,Jaipur,user_199@example.com
200,user_200,pass_200,buyer,Chennai,user_200@example.com
201,user_201,pass_201,buyer,Pune,user_201@example.com
202,user_202,pass_202,buyer,Jaipur,user_202@example.com
203,user_203,pass_203,buyer,Mumbai,user_203@example.com
204,user_204,pass_204,buyer,Mumbai,user_204@example.com
205,user_205,pass_205,buyer,Pune,user_205@example.com
206,user_206,pass_206,buyer,Hyderabad,user_206@example.com
207,user_207,pass_207,buyer,Delhi,user_207@example.com
208,user_208,pass_208,seller,Chennai,user_208@example.com
209,user_209,pass_209,buyer,Delhi,user_209@example.com
210,user_210,pass_210,buyer,Ahmedabad,user_210@example.com
211,user_211,pass_211,buyer,Kolkata,user_211@example.com
212,user_212,pass_212,buyer,Ahmedabad,user_212@example.com
213,user_213,pass_213,buyer,Hyderabad,user_213@example.com
214,user_214,pass_214,buyer,Kolkata,user_214@example.com
215,user_215,pass_215,buyer,Bangalore,user_215@example.com
216,user_216,pass_216,buyer,Ahmedabad,user_216@example.com
217,user_217,pass_217,buyer,Mumbai,user_217@example.com
218,user_218,pass_218,buyer,Hyderabad,user_218@example.com
219,user_219,pass_219,buyer,Jaipur,user_219@example.com
220,user_220,pass_220,buyer,Chennai,user_220@example.com
221,user_221,pass_221,buyer,Surat,user_221@example.com
222,user_222,pass_222,buyer,Pune,user_222@example.com
223,user_223,pass_223,buyer,Bangalore,user_223@example.com
224,user_224,pass_224,buyer,Ahmedabad,user_224@example.com
225,user_225,pass_225,buyer,Jaipur,user_225@example.com
226,user_226,pass_226,buyer,Hyderabad,user_226@example.com
227,user_227,pass_227,buyer,Hyderabad,user_227@example.com
228,user_228,pass_228,buyer,Bangalore,user_228@example.com
229,user_229,pass_229,buyer,Hyderabad,user_229@example.com
230,user_230,pass_230,admin,Jaipur,user_230@example.com
231,user_231,pass_231,buyer,Delhi,user_231@example.com
232,user_232,pass_232,buyer,Jaipur,user_232@example.com
233,user_233,pass_233,buyer,Kolkata,user_233@example.com
234,user_234,pass_234,buyer,Hyderabad,user_234@example.com
235,user_235,pass_235,buyer,Mumbai,user_235@example.com
236,user_236,pass_236,seller,Delhi,user_236@example.com
237,user_237,pass_237,buyer,Hyderabad,user_237@example.com
238,user_238,pass_238,buyer,Pune,user_238@example.com
239,user_239,pass_239,buyer,Pune,user_239@example.com
240,user_240,pass_240,buyer,Delhi,user_240@example.com
241,user_241,pass_241,buyer,Surat,user_241@example.com
242,user_242,pass_242,buyer,Pune,user_242@example.com
243,user_243,pass_243,buyer,Surat,user_243@example.com
244,user_244,pass_244,buyer,Pune,user_244@example.com
245,user_245,pass_245,buyer,Pune,user_245@example.com
246,user_246,pass_246,buyer,Bangalore,user_246@example.com
247,user_247,pass_247,buyer,Surat,user_247@example.com
248,user_248,pass_248,buyer,Hyderabad,user_248@example.com
249,user_249,pass_249,buyer,Ahmedabad,user_249@example.com
250,user_250,pass_250,buyer,Pune,user_250@example.com
251,user_251,pass_251,buyer,Hyderabad,user_251@example.com
252,user_252,pass_252,buyer,Delhi,user_252@example.com
253,user_253,pass_253,buyer,Hyderabad,user_253@example.com
254,user_254,pass_254,buyer,Chennai,user_254@example.com
255,user_255,pass_255,seller,Delhi,user_255@example.com
256,user_256,pass_256,buyer,Hyderabad,user_256@example.com
257,user_257,pass_257,buyer,Bangalore,user_257@example.com
258,user_258,pass_258,buyer,Delhi,user_258@example.com
259,user_259,pass_259,buyer,Chennai,user_259@example.com
260,user_260,pass_260,buyer,Kolkata,user_260@example.com
261,user_261,pass_261,buyer,Kolkata,user_261@example.com
262,user_262,pass_262,buyer,Jaipur,user_262@example.com
263,user_263,pass_263,seller,Mumbai,user_263@example.com
264,user_264,pass_264,seller,Jaipur,user_264@example.com
265,user_265,pass_265,buyer,Mumbai,user_265@example.com
266,user_266,pass_266,seller,Ahmedabad,user_266@example.com
267,user_267,pass_267,buyer,Kolkata,user_267@example.com
268,user_268,pass_268,buyer,Pune,user_268@example.com
269,user_269,pass_269,buyer,Hyderabad,user_269@example.com
270,user_270,pass_270,buyer,Ahmedabad,user_270@example.com
271,user_271,pass_271,buyer,Mumbai,user_271@example.com
272,user_272,pass_272,buyer,Kolkata,user_272@example.com
273,user_273,pass_273,buyer,Surat,user_273@example.com
274,user_274,pass_274,seller,Jaipur,user_274@example.com
275,user_275,pass_275,buyer,Kolkata,user_275@example.com
276,user_276,pass_276,buyer,Mumbai,user_276@example.com
277,user_277,pass_277,buyer,Kolkata,user_277@example.com
278,user_278,pass_278,buyer,Surat,user_278@example.com
279,user_279,pass_279,buyer,Ahmedabad,user_279@example.com
280,user_280,pass_280,buyer,Hyderabad,user_280@example.com
281,user_281,pass_281,buyer,Chennai,user_281@example.com
282,user_282,pass_282,buyer,Kolkata,user_282@example.com
283,user_283,pass_283,buyer,Kolkata,user_283@example.com
284,user_284,pass_284,buyer,Delhi,user_284@example.com
285,user_285,pass_285,buyer,Pune,user_285@example.com
286,user_286,pass_286,buyer,Chennai,user_286@example.com
287,user_287,pass_287,buyer,Delhi,user_287@example.com
288,user_288,pass_288,buyer,Mumbai,user_288@example.com
289,user_289,pass_289,buyer,Hyderabad,user_289@example.com
290,user_290,pass_290,buyer,Mumbai,user_290@example.com
291,user_291,pass_291,buyer,Hyderabad,user_291@example.com
292,user_292,pass_292,buyer,Delhi,user_292@example.com
293,user_293,pass_293,buyer,Hyderabad,user_293@example.com
294,user_294,pass_294,buyer,Ahmedabad,user_294@example.com
295,user_295,pass_295,buyer,Bangalore,user_295@example.com
296,user_296,pass_296,buyer,Delhi,user_296@example.com
297,user_297,pass_297,buyer,Bangalore,user_297@example.com
298,user_298,pass_298,admin,Delhi,user_298@example.com
299,user_299,pass_299,buyer,Ahmedabad,user_299@example.com
300,user_300,pass_300,buyer,Kolkata,user_300@example.com
301,user_301,pass_301,buyer,Hyderabad,user_301@example.com
302,user_302,pass_302,buyer,Hyderabad,user_302@example.com
303,user_303,pass_303,buyer,Ahmedabad,user_303@example.com
304,user_304,pass_304,seller,Jaipur,user_304@example.com
305,user_305,pass_305,buyer,Jaipur,user_305@example.com
306,user_306,pass_306,buyer,Chennai,user_306@example.com
307,user_307,pass_307,buyer,Chennai,user_307@example.com
308,user_308,pass_308,buyer,Chennai,user_308@example.com
309,user_309,pass_309,buyer,Kolkata,user_309@example.com
310,user_310,pass_310,buyer,Delhi,user_310@example.com
311,user_311,pass_311,buyer,Chennai,user_311@example.com
312,user_312,pass_312,buyer,Surat,user_312@example.com
313,user_313,pass_313,buyer,Kolkata,user_313@example.com
314,user_314,pass_314,buyer,Pune,user_314@example.com
315,user_315,pass_315,admin,Ahmedabad,user_315@example.com
316,user_316,pass_316,buyer,Pune,user_316@example.com
317,user_317,pass_317,buyer,Surat,user_317@example.com
318,user_318,pass_318,buyer,Jaipur,user_318@example.com
319,user_319,pass_319,buyer,Hyderabad,user_319@example.com
320,user_320,pass_320,buyer,Delhi,user_320@example.com
321,user_321,pass_321,buyer,Surat,user_321@example.com
322,user_322,pass_322,buyer,Surat,user_322@example.com
323,user_323,pass_323,buyer,Kolkata,user_323@example.com
324,user_324,pass_324,buyer,Surat,user_324@example.com
325,user_325,pass_325,seller,Bangalore,user_325@example.com
326,user_326,pass_326,buyer,Chennai,user_326@example.com
327,user_327,pass_327,buyer,Chennai,user_327@example.com
328,user_328,pass_328,buyer,Jaipur,user_328@example.com
329,user_329,pass_329,buyer,Ahmedabad,user_329@example.com
330,user_330,pass_330,buyer,Pune,user_330@example.com
331,user_331,pass_331,seller,Delhi,user_331@example.com
332,user_332,pass_332,buyer,Kolkata,user_332@example.com
333,user_333,pass_333,buyer,Hyderabad,user_333@example.com
334,user_334,pass_334,buyer,Surat,user_334@example.com
335,user_335,pass_335,buyer,Mumbai,user_335@example.com
336,user_336,pass_336,buyer,Hyderabad,user_336@example.com
337,user_337,pass_337,buyer,Hyderabad,user_337@example.com
338,user_338,pass_338,buyer,Jaipur,user_338@example.com
339,user_339,pass_339,buyer,Pune,user_339@example.com
340,user_340,pass_340,buyer,Kolkata,user_340@example.com
341,user_341,pass_341,admin,Pune,user_341@example.com
342,user_342,pass_342,buyer,Surat,user_342@example.com
343,user_343,pass_343,buyer,Ahmedabad,user_343@example.com
344,user_344,pass_344,buyer,Hyderabad,user_344@example.com
345,user_345,pass_345,buyer,Pune,user_345@example.com
346,user_346,pass_346,admin,Bangalore,user_346@example.com
347,user_347,pass_347,buyer,Surat,user_347@example.com
348,user_348,pass_348,buyer,Jaipur,user_348@example.com
349,user_349,pass_349,admin,Pune,user_349@example.com
350,user_350,pass_350,buyer,Delhi,user_350@example.com
351,user_351,pass_351,buyer,Ahmedabad,user_351@example.com
352,user_352,pass_352,buyer,Bangalore,user_352@example.com
353,user_353,pass_353,buyer,Pune,user_353@example.com
354,user_354,pass_354,buyer,Mumbai,user_354@example.com
355,user_355,pass_355,admin,Pune,user_355@example.com
356,user_356,pass_356,buyer,Bangalore,user_356@example.com
357,user_357,pass_357,buyer,Surat,user_357@example.com
358,user_358,pass_358,buyer,Mumbai,user_358@example.com
359,user_359,pass_359,buyer,Surat,user_359@example.com
360,user_360,pass_360,buyer,Chennai,user_360@example.com
361,user_361,pass_361,buyer,Mumbai,user_361@example.com
362,user_362,pass_362,buyer,Surat,user_362@example.com
363,user_363,pass_363,buyer,Delhi,user_363@example.com
364,user_364,pass_364,buyer,Delhi,user_364@example.com
365,user_365,pass_365,buyer,Mumbai,user_365@example.com
366,user_366,pass_366,buyer,Jaipur,user_366@example.com
367,user_367,pass_367,seller,Delhi,user_367@example.com
368,user_368,pass_368,admin,Delhi,user_368@example.com
369,user_369,pass_369,buyer,Kolkata,user_369@example.com
370,user_370,pass_370,buyer,Jaipur,user_370@example.com
371,user_371,pass_371,buyer,Pune,user_371@example.com
372,user_372,pass_372,buyer,Surat,user_372@example.com
373,user_373,pass_373,buyer,Jaipur,user_373@example.com
374,user_374,pass_374,admin,Ahmedabad,user_374@example.com
375,user_375,pass_375,buyer,Mumbai,user_375@example.com
376,user_376,pass_376,buyer,Delhi,user_376@example.com
377,user_377,pass_377,seller,Hyderabad,user_377@example.com
378,user_378,pass_378,buyer,Ahmedabad,user_378@example.com
379,user_379,pass_379,buyer,Bangalore,user_379@example.com
380,user_380,pass_380,buyer,Pune,user_380@example.com
381,user_381,pass_381,buyer,Mumbai,user_381@example.com
382,user_382,pass_382,buyer,Jaipur,user_382@example.com
383,user_383,pass_383,buyer,Mumbai,user_383@example.com
384,user_384,pass_384,buyer,Ahmedabad,user_384@example.com
385,user_385,pass_385,buyer,Surat,user_385@example.com
386,user_386,pass_386,buyer,Hyderabad,user_386@example.com
387,user_387,pass_387,seller,Jaipur,user_387@example.com
388,user_388,pass_388,buyer,Hyderabad,user_388@example.com
389,user_389,pass_389,buyer,Pune,user_389@example.com
390,user_390,pass_390,buyer,Bangalore,user_390@example.com
391,user_391,pass_391,seller,Bangalore,user_391@example.com
392,user_392,pass_392,buyer,Bangalore,user_392@example.com
393,user_393,pass_393,buyer,Jaipur,user_393@example.com
394,user_394,pass_394,buyer,Jaipur,user_394@example.com
395,user_395,pass_395,seller,Surat,user_395@example.com
396,user_396,pass_396,buyer,Ahmedabad,user_396@example.com
397,user_397,pass_397,buyer,Ahmedabad,user_397@example.com
398,user_398,pass_398,buyer,Surat,user_398@example.com
399,user_399,pass_399,buyer,Jaipur,user_399@example.com
400,user_400,pass_400,buyer,Kolkata,user_400@example.com
401,user_401,pass_401,buyer,Jaipur,user_401@example.com
402,user_402,pass_402,buyer,Delhi,user_402@example.com
403,user_403,pass_403,buyer,Jaipur,user_403@example.com
404,user_404,pass_404,buyer,Mumbai,user_404@example.com
405,user_405,pass_405,admin,Ahmedabad,user_405@example.com
406,user_406,pass_406,buyer,Bangalore,user_406@example.com
407,user_407,pass_407,buyer,Surat,user_407@example.com
408,user_408,pass_408,seller,Bangalore,user_408@example.com
409,user_409,pass_409,admin,Kolkata,user_409@example.com
410,user_410,pass_410,buyer,Surat,user_410@example.com
411,user_411,pass_411,admin,Surat,user_411@example.com
412,user_412,pass_412,buyer,Chennai,user_412@example.com
413,user_413,pass_413,buyer,Delhi,user_413@example.com
414,user_414,pass_414,seller,Chennai,user_414@example.com
415,user_415,pass_415,buyer,Surat,user_415@example.com
416,user_416,pass_416,buyer,Kolkata,user_416@example.com
417,user_417,pass_417,buyer,Pune,user_417@example.com
418,user_418,pass_418,buyer,Delhi,user_418@example.com
419,user_419,pass_419,buyer,Chennai,user_419@example.com
420,user_420,pass_420,buyer,Kolkata,user_420@example.com
421,user_421,pass_421,seller,Mumbai,user_421@example.com
422,user_422,pass_422,buyer,Pune,user_422@example.com
423,user_423,pass_423,buyer,Mumbai,user_423@example.com
424,user_424,pass_424,buyer,Chennai,user_424@example.com
425,user_425,pass_425,buyer,Surat,user_425@example.com
426,user_426,pass_426,buyer,Mumbai,user_426@example.com
427,user_427,pass_427,buyer,Pune,user_427@example.com
428,user_428,pass_428,buyer,Ahmedabad,user_428@example.com
429,user_429,pass_429,buyer,Surat,user_429@example.com
430,user_430,pass_430,buyer,Jaipur,user_430@example.com
431,user_431,pass_431,buyer,Bangalore,user_431@example.com
432,user_432,pass_432,buyer,Mumbai,user_432@example.com
433,user_433,pass_433,buyer,Delhi,user_433@example.com
434,user_434,pass_434,buyer,Delhi,user_434@example.com
435,user_435,pass_435,buyer,Delhi,user_435@example.com
436,user_436,pass_436,buyer,Bangalore,user_436@example.com
437,user_437,pass_437,buyer,Ahmedabad,user_437@example.com
438,user_438,pass_438,buyer,Ahmedabad,user_438@example.com
439,user_439,pass_439,buyer,Surat,user_439@example.com
440,user_440,pass_440,admin,Hyderabad,user_440@example.com
441,user_441,pass_441,buyer,Bangalore,user_441@example.com
442,user_442,pass_442,buyer,Jaipur,user_442@example.com
443,user_443,pass_443,buyer,Bangalore,user_443@example.com
444,user_444,pass_444,seller,Ahmedabad,user_444@example.com
445,user_445,pass_445,buyer,Kolkata,user_445@example.com
446,user_446,pass_446,buyer,Pune,user_446@example.com
447,user_447,pass_447,buyer,Mumbai,user_447@example.com
448,user_448,pass_448,buyer,Ahmedabad,user_448@example.com
449,user_449,pass_449,buyer,Jaipur,user_449@example.com
450,user_450,pass_450,admin,Surat,user_450@example.com
451,user_451,pass_451,seller,Surat,user_451@example.com
452,user_452,pass_452,buyer,Chennai,user_452@example.com
453,user_453,pass_453,buyer,Pune,user_453@example.com
454,user_454,pass_454,buyer,Chennai,user_454@example.com
455,user_455,pass_455,seller,Hyderabad,user_455@example.com
456,user_456,pass_456,buyer,Hyderabad,user_456@example.com
457,user_457,pass_457,seller,Kolkata,user_457@example.com
458,user_458,pass_458,buyer,Surat,user_458@example.com
459,user_459,pass_459,buyer,Kolkata,user_459@example.com
460,user_460,pass_460,buyer,Bangalore,user_460@example.com
461,user_461,pass_461,buyer,Mumbai,user_461@example.com
462,user_462,pass_462,buyer,Jaipur,user_462@example.com
463,user_463,pass_463,buyer,Delhi,user_463@example.com
464,user_464,pass_464,seller,Surat,user_464@example.com
465,user_465,pass_465,buyer,Surat,user_465@example.com
466,user_466,pass_466,buyer,Bangalore,user_466@example.com
467,user_467,pass_467,buyer,Bangalore,user_467@example.com
468,user_468,pass_468,buyer,Ahmedabad,user_468@example.com
469,user_469,pass_469,buyer,Kolkata,user_469@example.com
470,user_470,pass_470,buyer,Chennai,user_470@example.com
471,user_471,pass_471,seller,Pune,user_471@example.com
472,user_472,pass_472,buyer,Chennai,user_472@example.com
473,user_473,pass_473,buyer,Surat,user_473@example.com
474,user_474,pass_474,seller,Mumbai,user_474@example.com
475,user_475,pass_475,buyer,Hyderabad,user_475@example.com
476,user_476,pass_476,buyer,Ahmedabad,user_476@example.com
477,user_477,pass_477,admin,Delhi,user_477@example.com
478,user_478,pass_478,buyer,Delhi,user_478@example.com
479,user_479,pass_479,buyer,Delhi,user_479@example.com
480,user_480,pass_480,buyer,Ahmedabad,user_480@example.com
481,user_481,pass_481,seller,Mumbai,user_481@example.com
482,user_482,pass_482,buyer,Mumbai,user_482@example.com
483,user_483,pass_483,buyer,Chennai,user_483@example.com
484,user_484,pass_484,buyer,Hyderabad,user_484@example.com
485,user_485,pass_485,buyer,Jaipur,user_485@example.com
486,user_486,pass_486,buyer,Bangalore,user_486@example.com
487,user_487,pass_487,buyer,Delhi,user_487@example.com
488,user_488,pass_488,buyer,Kolkata,user_488@example.com
489,user_489,pass_489,buyer,Hyderabad,user_489@example.com
490,user_490,pass_490,buyer,Jaipur,user_490@example.com
491,user_491,pass_491,buyer,Surat,user_491@example.com
492,user_492,pass_492,buyer,Surat,user_492@example.com
493,user_493,pass_493,buyer,Mumbai,user_493@example.com
494,user_494,pass_494,seller,Surat,user_494@example.com
495,user_495,pass_495,seller,Pune,user_495@example.com
496,user_496,pass_496,buyer,Surat,user_496@example.com
497,user_497,pass_497,seller,Jaipur,user_497@example.com
498,user_498,pass_498,buyer,Kolkata,user_498@example.com
499,user_499,pass_499,buyer,Surat,user_499@example.com
500,user_500,pass_500,buyer,Hyderabad,user_500@example.com
